"No.","Channel Name","Receive Frequency","Transmit Frequency","Channel Type","Transmit Power","Band Width","CTCSS/DCS Decode","CTCSS/DCS Encode","Contact","Contact Call Type","Contact TG/DMR ID","Radio ID","Busy Lock/TX Permit","Squelch Mode","Optional Signal","DTMF ID","2Tone ID","5Tone ID","PTT ID","Color Code","Slot","Scan List","Receive Group List","PTT Prohibit","Reverse","Simplex TDMA","Slot Suit","AES Digital Encryption","Digital Encryption","Call Confirmation","Talk Around(Simplex)","Work Alone","Custom CTCSS","2TONE Decode","Ranging","Through Mode","APRS RX","Analog APRS PTT Mode","Digital APRS PTT Mode","APRS Report Type","Digital APRS Report Channel","Correct Frequency[Hz]","SMS Confirmation","Exclude channel from roaming","DMR MODE","DataACK Disable","R5toneBot","R5ToneEot","Auto Scan","Ana Aprs Mute","Send Talker Alias","AnaAprsTxPath","ARC4","ex_emg_kind"
"1","SKY USA","446.55000","446.55000","D-Digital","Low","12.5K","Off","Off","TG3100 BM US Nat","Group Call","3100","Andrew N2ZT","Different Color Code","Carrier","Off","1","1","1","Off","1","2","SKY Scan List","None","Off","Off","Off","Off","Normal Encryption","Off","Off","Off","Off","131.8","1","Off","Off","Off","Off","Off","Off","1","0","Off","0","1","0","0","0","0","0","0","0","0","0"
"2","SKY TAC310","446.55000","446.55000","D-Digital","Low","12.5K","Off","Off","TG310 Tac 310 US","Group Call","310","Andrew N2ZT","Different Color Code","Carrier","Off","1","1","1","Off","1","2","None","None","Off","Off","Off","Off","Normal Encryption","Off","Off","Off","Off","131.8","1","Off","Off","Off","Off","Off","Off","1","0","Off","0","1","0","0","0","0","0","0","0","0","0"
"3","SKY TAC311","446.55000","446.55000","D-Digital","Low","12.5K","Off","Off","TG311 TAC 311 US","Group Call","311","Andrew N2ZT","Different Color Code","Carrier","Off","1","1","1","Off","1","2","None","None","Off","Off","Off","Off","Normal Encryption","Off","Off","Off","Off","131.8","1","Off","Off","Off","Off","Off","Off","1","0","Off","0","1","0","0","0","0","0","0","0","0","0"
"4","SKY TAC312","446.55000","446.55000","D-Digital","Low","12.5K","Off","Off","TG312 TAC 312 US","Group Call","312","Andrew N2ZT","Different Color Code","Carrier","Off","1","1","1","Off","1","2","None","None","Off","Off","Off","Off","Normal Encryption","Off","Off","Off","Off","131.8","1","Off","Off","Off","Off","Off","Off","1","0","Off","0","1","0","0","0","0","0","0","0","0","0"
"5","SKY WorldWide","446.55000","446.55000","D-Digital","Low","12.5K","Off","Off","TG91 World-wide","Group Call","91","Andrew N2ZT","Different Color Code","Carrier","Off","1","1","1","Off","1","2","None","None","Off","Off","Off","Off","Normal Encryption","Off","Off","Off","Off","251.1","1","Off","Off","Off","Off","Off","Off","1","0","Off","0","1","0","0","0","0","0","0","0","0","0"
"6","SKY WW TAC 1","446.55000","446.55000","D-Digital","Low","12.5K","Off","Off","TG901 WW Tac 1","Group Call","901","Andrew N2ZT","Different Color Code","Carrier","Off","1","1","1","Off","1","2","None","None","Off","Off","Off","Off","Normal Encryption","Off","Off","Off","Off","251.1","1","Off","Off","Off","Off","Off","Off","1","0","Off","0","1","0","0","0","0","0","0","0","0","0"
"7","SKY WW TAC 2","446.55000","446.55000","D-Digital","Low","12.5K","Off","Off","TG902 WW Tac 2","Group Call","902","Andrew N2ZT","Different Color Code","Carrier","Off","1","1","1","Off","1","2","None","None","Off","Off","Off","Off","Normal Encryption","Off","Off","Off","Off","251.1","1","Off","Off","Off","Off","Off","Off","1","0","Off","0","1","0","0","0","0","0","0","0","0","0"
"8","SKY WW TAC 3","446.55000","446.55000","D-Digital","Low","12.5K","Off","Off","TG903 WW Tac 3","Group Call","903","Andrew N2ZT","Different Color Code","Carrier","Off","1","1","1","Off","1","2","None","None","Off","Off","Off","Off","Normal Encryption","Off","Off","Off","Off","251.1","1","Off","Off","Off","Off","Off","Off","1","0","Off","0","1","0","0","0","0","0","0","0","0","0"
"9","SKY WW Eng","446.55000","446.55000","D-Digital","Low","12.5K","Off","Off","TG913 English","Group Call","913","Andrew N2ZT","Different Color Code","Carrier","Off","1","1","1","Off","1","2","None","None","Off","Off","Off","Off","Normal Encryption","Off","Off","Off","Off","251.1","1","Off","Off","Off","Off","Off","Off","1","0","Off","0","1","0","0","0","0","0","0","0","0","0"
"10","SKY North Am","446.55000","446.55000","D-Digital","Low","12.5K","Off","Off","TG31672 PI-Star","Group Call","31672","Andrew N2ZT","Different Color Code","Carrier","Off","1","1","1","Off","1","2","None","None","Off","Off","Off","Off","Normal Encryption","Off","Off","Off","Off","251.1","1","Off","Off","Off","Off","Off","Off","1","0","Off","0","1","0","0","0","0","0","0","0","0","0"
"11","SKY NET 1","446.55000","446.55000","D-Digital","Low","12.5K","Off","Off","TG31001 Net Talk","Group Call","31001","Andrew N2ZT","Different Color Code","Carrier","Off","1","1","1","Off","1","2","SKY Scan List","None","Off","Off","Off","Off","Normal Encryption","Off","Off","Off","Off","251.1","1","Off","Off","Off","Off","Off","Off","1","0","Off","0","1","0","0","0","0","0","0","0","0","0"
"12","SKY NET 2","446.55000","446.55000","D-Digital","Low","12.5K","Off","Off","TG31002 Net Talk","Group Call","31002","Andrew N2ZT","Different Color Code","Carrier","Off","1","1","1","Off","1","2","None","None","Off","Off","Off","Off","Normal Encryption","Off","Off","Off","Off","251.1","1","Off","Off","Off","Off","Off","Off","1","0","Off","0","1","0","0","0","0","0","0","0","0","0"
"13","SKY Parrot","446.55000","446.55000","D-Digital","Low","12.5K","Off","Off","PC9990 Parrot","Private Call","9990","Andrew N2ZT","Different Color Code","Carrier","Off","1","1","1","Off","1","2","SKY Scan List","None","Off","Off","Off","Off","Normal Encryption","Off","Off","Off","Off","251.1","1","Off","Off","Off","Off","Off","Off","1","0","Off","0","1","0","0","0","0","0","0","0","0","0"
"14","SKY NY","446.55000","446.55000","D-Digital","Low","12.5K","Off","Off","TG3136 New York","Group Call","3136","Andrew N2ZT","Different Color Code","Carrier","Off","1","1","1","Off","1","2","SKY Scan List","None","Off","Off","Off","Off","Normal Encryption","Off","Off","Off","Off","251.1","1","Off","Off","Off","Off","Off","Off","1","0","Off","0","1","0","0","0","0","0","0","0","0","0"
"15","SKY TG Disc","446.55000","446.55000","D-Digital","Low","12.5K","Off","Off","PC4000 Disconnec","Group Call","4000","Andrew N2ZT","Different Color Code","Carrier","Off","1","1","1","Off","1","2","None","None","Off","Off","Off","Off","Normal Encryption","Off","Off","Off","Off","251.1","1","Off","Off","Off","Off","Off","Off","1","0","Off","0","1","0","0","0","0","0","0","0","0","0"
"17","WB0YRG WW","444.46250","449.46250","D-Digital","Turbo","12.5K","Off","Off","TG91 World-wide","Group Call","91","Andrew N2ZT","Always","Carrier","Off","1","1","1","Off","4","1","None","None","Off","Off","Off","Off","Normal Encryption","Off","Off","Off","Off","251.1","1","Off","Off","Off","Off","Off","Off","1","0","Off","0","1","0","0","0","0","0","0","0","0","0"
"18","WB0YRG PARROT","444.46250","449.46250","D-Digital","Turbo","12.5K","Off","Off","PC9990 Parrot","Private Call","9990","Andrew N2ZT","Always","Carrier","Off","1","1","1","Off","4","1","None","None","Off","Off","Off","Off","Normal Encryption","Off","Off","Off","Off","251.1","1","Off","Off","Off","Off","Off","Off","1","0","Off","0","1","0","0","0","0","0","0","0","0","0"
"19","WB0YRG USA","444.46250","449.46250","D-Digital","Turbo","12.5K","Off","Off","TG3100 BM US Nat","Group Call","3100","Andrew N2ZT","Always","Carrier","Off","1","1","1","Off","4","1","None","None","Off","Off","Off","Off","Normal Encryption","Off","Off","Off","Off","251.1","1","Off","Off","Off","Off","Off","Off","1","0","Off","0","1","0","0","0","0","0","0","0","0","0"
"20","WB0YRG MO","444.46250","449.46250","D-Digital","Turbo","12.5K","Off","Off","TG3129 Missouri","Group Call","3129","Andrew N2ZT","Always","Carrier","Off","1","1","1","Off","4","1","None","None","Off","Off","Off","Off","Normal Encryption","Off","Off","Off","Off","251.1","1","Off","Off","Off","Off","Off","Off","1","0","Off","0","1","0","0","0","0","0","0","0","0","0"
"21","WB0YRG TG DISC","444.46250","449.46250","D-Digital","Turbo","12.5K","Off","Off","PC4000 Disconnec","Group Call","4000","Andrew N2ZT","Always","Carrier","Off","1","1","1","Off","4","1","None","None","Off","Off","Off","Off","Normal Encryption","Off","Off","Off","Off","251.1","1","Off","Off","Off","Off","Off","Off","1","0","Off","0","1","0","0","0","0","0","0","0","0","0"
"23","W0MB Analog","145.43000","144.83000","A-Analog","Turbo","25K","Off","Off","TG1 Local","Group Call","1","Andrew N2ZT","Off","Carrier","Off","1","1","1","Off","1","1","None","None","Off","Off","Off","Off","Normal Encryption","Off","Off","Off","Off","251.1","1","Off","On","Off","Off","Off","Off","1","0","Off","0","0","0","0","0","0","0","0","0","0","0"
"24","KB0EQV Analog","443.90000","448.90000","A-Analog","Turbo","25K","Off","127.3","TG1 Local","Group Call","1","Andrew N2ZT","Off","Carrier","Off","1","1","1","Off","1","1","None","None","Off","Off","Off","Off","Normal Encryption","Off","Off","Off","Off","251.1","1","Off","On","Off","Off","Off","Off","1","0","Off","0","0","0","0","0","0","0","0","0","0","0"
"25","K0GQ Analog","145.17000","144.57000","A-Analog","Turbo","25K","151.4","151.4","TG1 Local","Group Call","1","Andrew N2ZT","Off","Carrier","Off","1","1","1","Off","1","1","None","None","Off","Off","Off","Off","Normal Encryption","Off","Off","Off","Off","251.1","1","Off","On","Off","Off","Off","Off","1","0","Off","0","0","0","0","0","0","0","0","0","0","0"
"27","Digital Example","444.46250","449.46250","D-Digital","High","12.5K","Off","Off","PC9990 Parrot","Private Call","9990","Andrew N2ZT","Always","Carrier","Off","1","1","1","Off","1","1","SKY Scan List","None","Off","Off","Off","Off","Normal Encryption","Off","Off","Off","Off","251.1","1","Off","Off","Off","Start Of Transmission","Off","Off","1","0","Off","0","1","0","0","0","0","0","0","0","0","0"
"28","Analog Example","443.90000","448.90000","A-Analog","High","25K","Off","Off","TG1 Local","Group Call","1","Andrew N2ZT","Off","Carrier","Off","1","1","1","Off","1","1","None","None","Off","Off","Off","Off","Normal Encryption","Off","Off","Off","Off","251.1","1","Off","On","Off","Off","Off","Off","1","0","Off","0","0","0","0","0","0","0","0","0","0","0"
"30","NOAA 1","162.40000","146.00000","A-Analog","Low","25K","Off","Off","TG1 Local","Group Call","1","Andrew N2ZT","Off","Carrier","Off","1","1","1","Off","1","1","None","None","On","Off","Off","Off","Normal Encryption","Off","Off","Off","Off","251.1","1","Off","On","Off","Off","Off","Off","1","0","Off","0","0","0","0","0","0","0","0","0","0","0"
"31","NOAA 2","162.42500","146.00000","A-Analog","Low","12.5K","Off","Off","TG1 Local","Group Call","1","Andrew N2ZT","Off","Carrier","Off","1","1","1","Off","1","1","None","None","On","Off","Off","Off","Normal Encryption","Off","Off","Off","Off","251.1","1","Off","On","Off","Off","Off","Off","1","0","Off","0","0","0","0","0","0","0","0","0","0","0"
"32","NOAA 3","162.45000","146.00000","A-Analog","Low","12.5K","Off","Off","TG1 Local","Group Call","1","Andrew N2ZT","Off","Carrier","Off","1","1","1","Off","1","1","None","None","On","Off","Off","Off","Normal Encryption","Off","Off","Off","Off","251.1","1","Off","On","Off","Off","Off","Off","1","0","Off","0","0","0","0","0","0","0","0","0","0","0"
"33","NOAA 4","162.47500","146.00000","A-Analog","Low","25K","Off","Off","TG1 Local","Group Call","1","Andrew N2ZT","Off","Carrier","Off","1","1","1","Off","1","1","None","None","On","Off","Off","Off","Normal Encryption","Off","Off","Off","Off","251.1","1","Off","On","Off","Off","Off","Off","1","0","Off","0","0","0","0","0","0","0","0","0","0","0"
"34","NOAA 5","162.50000","146.00000","A-Analog","Low","25K","Off","Off","TG1 Local","Group Call","1","Andrew N2ZT","Off","Carrier","Off","1","1","1","Off","1","1","None","None","On","Off","Off","Off","Normal Encryption","Off","Off","Off","Off","251.1","1","Off","On","Off","Off","Off","Off","1","0","Off","0","0","0","0","0","0","0","0","0","0","0"
"35","NOAA 6","162.52500","146.00000","A-Analog","Low","12.5K","Off","Off","TG1 Local","Group Call","1","Andrew N2ZT","Off","Carrier","Off","1","1","1","Off","1","1","None","None","On","Off","Off","Off","Normal Encryption","Off","Off","Off","Off","251.1","1","Off","On","Off","Off","Off","Off","1","0","Off","0","0","0","0","0","0","0","0","0","0","0"
"36","NOAA 7","162.55000","146.00000","A-Analog","Low","12.5K","Off","Off","TG1 Local","Group Call","1","Andrew N2ZT","Off","Carrier","Off","1","1","1","Off","1","1","NOAA","None","On","Off","Off","Off","Normal Encryption","Off","Off","Off","Off","251.1","1","Off","On","Off","Off","Off","Off","1","0","Off","0","0","0","0","0","0","0","0","0","0","0"
"39","APRS Analog","144.39000","144.39000","A-Analog","Low","25K","Off","Off","TG1 Local","Group Call","1","Andrew N2ZT","Off","Carrier","Off","1","1","1","Off","1","1","None","None","Off","Off","Off","Off","Normal Encryption","Off","Off","Off","Off","251.1","1","Off","On","On","Start Of Transmission","Off","Analog","1","0","Off","0","0","0","0","0","0","1","0","0","0","0"
"41","P1-NY Metro","449.37500","444.37500","D-Digital","Turbo","12.5K","Off","Off","TG1 Local","Group Call","1","Andrew N2ZT","Always","Carrier","Off","1","1","1","Off","1","1","None","None","Off","Off","Off","Off","Normal Encryption","Off","Off","Off","Off","251.1","1","Off","Off","Off","Off","Off","Off","1","0","Off","0","1","0","0","0","0","0","0","0","0","0"
"42","P1-World Wide","449.37500","444.37500","D-Digital","Turbo","12.5K","Off","Off","TG1 Local","Group Call","1","Andrew N2ZT","Always","Carrier","Off","1","1","1","Off","1","1","None","None","Off","Off","Off","Off","Normal Encryption","Off","Off","Off","Off","251.1","1","Off","Off","Off","Off","Off","Off","1","0","Off","0","1","0","0","0","0","0","0","0","0","0"
"43","P1-North America","449.37500","444.37500","D-Digital","Turbo","12.5K","Off","Off","TG1 Local","Group Call","1","Andrew N2ZT","Always","Carrier","Off","1","1","1","Off","1","1","None","None","Off","Off","Off","Off","Normal Encryption","Off","Off","Off","Off","251.1","1","Off","Off","Off","Off","Off","Off","1","0","Off","0","1","0","0","0","0","0","0","0","0","0"
"44","P1-World Wide En","449.37500","444.37500","D-Digital","Turbo","12.5K","Off","Off","TG1 Local","Group Call","1","Andrew N2ZT","Always","Carrier","Off","1","1","1","Off","1","1","None","None","Off","Off","Off","Off","Normal Encryption","Off","Off","Off","Off","251.1","1","Off","Off","Off","Off","Off","Off","1","0","Off","0","1","0","0","0","0","0","0","0","0","0"
"45","P1-NE Regional","449.37500","444.37500","D-Digital","Turbo","12.5K","Off","Off","TG1 Local","Group Call","1","Andrew N2ZT","Always","Carrier","Off","1","1","1","Off","1","1","None","None","Off","Off","Off","Off","Normal Encryption","Off","Off","Off","Off","251.1","1","Off","Off","Off","Off","Off","Off","1","0","Off","0","1","0","0","0","0","0","0","0","0","0"
"46","P1-TAC 310","449.37500","444.37500","D-Digital","Turbo","12.5K","Off","Off","TG1 Local","Group Call","1","Andrew N2ZT","Always","Carrier","Off","1","1","1","Off","1","1","None","None","Off","Off","Off","Off","Normal Encryption","Off","Off","Off","Off","251.1","1","Off","Off","Off","Off","Off","Off","1","0","Off","0","1","0","0","0","0","0","0","0","0","0"
"47","P1-TAC 311","449.37500","444.37500","D-Digital","Turbo","12.5K","Off","Off","TG1 Local","Group Call","1","Andrew N2ZT","Always","Carrier","Off","1","1","1","Off","1","1","None","None","Off","Off","Off","Off","Normal Encryption","Off","Off","Off","Off","251.1","1","Off","Off","Off","Off","Off","Off","1","0","Off","0","1","0","0","0","0","0","0","0","0","0"
"48","P1-TAC 312","449.37500","444.37500","D-Digital","Turbo","12.5K","Off","Off","TG1 Local","Group Call","1","Andrew N2ZT","Always","Carrier","Off","1","1","1","Off","1","1","None","None","Off","Off","Off","Off","Normal Encryption","Off","Off","Off","Off","251.1","1","Off","Off","Off","Off","Off","Off","1","0","Off","0","1","0","0","0","0","0","0","0","0","0"
"49","P1-DCI Bridge","449.37500","444.37500","D-Digital","Turbo","12.5K","Off","Off","TG1 Local","Group Call","1","Andrew N2ZT","Always","Carrier","Off","1","1","1","Off","1","1","None","None","Off","Off","Off","Off","Normal Encryption","Off","Off","Off","Off","251.1","1","Off","Off","Off","Off","Off","Off","1","0","Off","0","1","0","0","0","0","0","0","0","0","0"
"50","P1-LIMARC Local","449.37500","444.37500","D-Digital","Turbo","12.5K","Off","Off","TG1 Local","Group Call","1","Andrew N2ZT","Always","Carrier","Off","1","1","1","Off","1","2","None","None","Off","Off","Off","Off","Normal Encryption","Off","Off","Off","Off","251.1","1","Off","Off","Off","Off","Off","Off","1","0","Off","0","1","0","0","0","0","0","0","0","0","0"
"51","P1-Parrot Test","449.37500","444.37500","D-Digital","Turbo","12.5K","Off","Off","TG1 Local","Group Call","1","Andrew N2ZT","Always","Carrier","Off","1","1","1","Off","1","1","None","None","Off","Off","Off","Off","Normal Encryption","Off","Off","Off","Off","251.1","1","Off","Off","Off","Off","Off","Off","1","0","Off","0","1","0","0","0","0","0","0","0","0","0"
"52","P1-Time Slot 1","449.37500","444.37500","D-Digital","Turbo","12.5K","Off","Off","TG1 Local","Group Call","1","Andrew N2ZT","Always","Carrier","Off","1","1","1","Off","1","1","None","None","Off","Off","Off","Off","Normal Encryption","Off","Off","Off","Off","251.1","1","Off","Off","Off","Off","Off","Off","1","0","Off","0","1","0","0","0","0","0","0","0","0","0"
"53","P1-Slot 2","449.37500","444.37500","D-Digital","Turbo","12.5K","Off","Off","TG1 Local","Group Call","1","Andrew N2ZT","Always","Carrier","Off","1","1","1","Off","1","2","None","None","Off","Off","Off","Off","Normal Encryption","Off","Off","Off","Off","251.1","1","Off","Off","Off","Off","Off","Off","1","0","Off","0","1","0","0","0","0","0","0","0","0","0"
"60","S1-NY Metro","449.36250","444.36250","D-Digital","Turbo","12.5K","Off","Off","TG1 Local","Group Call","1","Andrew N2ZT","Always","Carrier","Off","1","1","1","Off","1","1","None","None","Off","Off","Off","Off","Normal Encryption","Off","Off","Off","Off","251.1","1","Off","On","Off","Off","Off","Off","1","0","Off","0","0","0","0","0","0","0","0","0","0","0"
"61","S1-World Wide","449.36250","444.36250","D-Digital","Turbo","12.5K","Off","Off","TG1 Local","Group Call","1","Andrew N2ZT","Always","Carrier","Off","1","1","1","Off","1","1","None","None","Off","Off","Off","Off","Normal Encryption","Off","Off","Off","Off","251.1","1","Off","On","Off","Off","Off","Off","1","0","Off","0","0","0","0","0","0","0","0","0","0","0"
"62","S1-North America","449.36250","444.36250","D-Digital","Turbo","12.5K","Off","Off","TG1 Local","Group Call","1","Andrew N2ZT","Always","Carrier","Off","1","1","1","Off","1","1","None","None","Off","Off","Off","Off","Normal Encryption","Off","Off","Off","Off","251.1","1","Off","On","Off","Off","Off","Off","1","0","Off","0","0","0","0","0","0","0","0","0","0","0"
"63","S1-World Wide En","449.36250","444.36250","D-Digital","Turbo","12.5K","Off","Off","TG1 Local","Group Call","1","Andrew N2ZT","Always","Carrier","Off","1","1","1","Off","1","1","None","None","Off","Off","Off","Off","Normal Encryption","Off","Off","Off","Off","251.1","1","Off","Off","Off","Start Of Transmission","Off","Off","1","0","Off","0","1","0","0","0","0","0","0","0","0","0"
"64","S1-NE Regional","449.36250","444.36250","D-Digital","Turbo","12.5K","Off","Off","TG1 Local","Group Call","1","Andrew N2ZT","Always","Carrier","Off","1","1","1","Off","1","1","None","None","Off","Off","Off","Off","Normal Encryption","Off","Off","Off","Off","251.1","1","Off","On","Off","Off","Off","Off","1","0","Off","0","0","0","0","0","0","0","0","0","0","0"
"65","S1-TAC 310","449.36250","444.36250","D-Digital","Turbo","12.5K","Off","Off","TG1 Local","Group Call","1","Andrew N2ZT","Always","Carrier","Off","1","1","1","Off","1","1","None","None","Off","Off","Off","Off","Normal Encryption","Off","Off","Off","Off","251.1","1","Off","On","Off","Off","Off","Off","1","0","Off","0","0","0","0","0","0","0","0","0","0","0"
"66","S1-TAC 311","449.36250","444.36250","D-Digital","Turbo","12.5K","Off","Off","TG1 Local","Group Call","1","Andrew N2ZT","Always","Carrier","Off","1","1","1","Off","1","1","None","None","Off","Off","Off","Off","Normal Encryption","Off","Off","Off","Off","251.1","1","Off","On","Off","Off","Off","Off","1","0","Off","0","0","0","0","0","0","0","0","0","0","0"
"67","S1-TAC 312","449.36250","444.36250","D-Digital","Turbo","12.5K","Off","Off","TG1 Local","Group Call","1","Andrew N2ZT","Always","Carrier","Off","1","1","1","Off","1","1","None","None","Off","Off","Off","Off","Normal Encryption","Off","Off","Off","Off","251.1","1","Off","On","Off","Off","Off","Off","1","0","Off","0","0","0","0","0","0","0","0","0","0","0"
"68","S1-DCI Bridge","449.36250","444.36250","D-Digital","Turbo","12.5K","Off","Off","TG1 Local","Group Call","1","Andrew N2ZT","Always","Carrier","Off","1","1","1","Off","1","1","None","None","Off","Off","Off","Off","Normal Encryption","Off","Off","Off","Off","251.1","1","Off","On","Off","Off","Off","Off","1","0","Off","0","0","0","0","0","0","0","0","0","0","0"
"69","S1-LIMARC Local","449.36250","444.36250","D-Digital","Turbo","12.5K","Off","Off","TG1 Local","Group Call","1","Andrew N2ZT","Always","Carrier","Off","1","1","1","Off","1","2","None","None","Off","Off","Off","Off","Normal Encryption","Off","Off","Off","Off","251.1","1","Off","On","Off","Off","Off","Off","1","0","Off","0","0","0","0","0","0","0","0","0","0","0"
"70","S1-Parrot Test","449.36250","444.36250","D-Digital","Turbo","12.5K","Off","Off","TG1 Local","Group Call","1","Andrew N2ZT","Always","Carrier","Off","1","1","1","Off","1","1","None","None","Off","Off","Off","Off","Normal Encryption","Off","Off","Off","Off","251.1","1","Off","On","Off","Off","Off","Off","1","0","Off","0","0","0","0","0","0","0","0","0","0","0"
"71","S1-Time Slot 1","449.36250","444.36250","D-Digital","Turbo","12.5K","Off","Off","TG1 Local","Group Call","1","Andrew N2ZT","Always","Carrier","Off","1","1","1","Off","1","1","None","None","Off","Off","Off","Off","Normal Encryption","Off","Off","Off","Off","251.1","1","Off","On","Off","Off","Off","Off","1","0","Off","0","0","0","0","0","0","0","0","0","0","0"
"72","S1-Slot 2","449.36250","444.36250","D-Digital","Turbo","12.5K","Off","Off","TG1 Local","Group Call","1","Andrew N2ZT","Always","Carrier","Off","1","1","1","Off","1","2","None","None","Off","Off","Off","Off","Normal Encryption","Off","Off","Off","Off","251.1","1","Off","On","Off","Off","Off","Off","1","0","Off","0","0","0","0","0","0","0","0","0","0","0"
"73","G1-NY Metro","438.51250","433.51250","D-Digital","Turbo","12.5K","Off","Off","TG1 Local","Group Call","1","Andrew N2ZT","Always","Carrier","Off","1","1","1","Off","1","1","None","None","Off","Off","Off","Off","Normal Encryption","Off","Off","Off","Off","251.1","1","Off","On","Off","Off","Off","Off","1","0","Off","0","0","0","0","0","0","0","0","0","0","0"
"74","G1-World Wide","438.51250","433.51250","D-Digital","Turbo","12.5K","Off","Off","TG1 Local","Group Call","1","Andrew N2ZT","Always","Carrier","Off","1","1","1","Off","1","1","None","None","Off","Off","Off","Off","Normal Encryption","Off","Off","Off","Off","251.1","1","Off","On","Off","Off","Off","Off","1","0","Off","0","0","0","0","0","0","0","0","0","0","0"
"75","G1-North America","438.51250","433.51250","D-Digital","Turbo","12.5K","Off","Off","TG1 Local","Group Call","1","Andrew N2ZT","Always","Carrier","Off","1","1","1","Off","1","1","None","None","Off","Off","Off","Off","Normal Encryption","Off","Off","Off","Off","251.1","1","Off","On","Off","Start Of Transmission","Off","Analog","1","0","Off","0","0","0","0","0","0","1","0","0","0","0"
"76","G1-World Wide En","438.51250","433.51250","D-Digital","Turbo","12.5K","Off","Off","TG1 Local","Group Call","1","Andrew N2ZT","Always","Carrier","Off","1","1","1","Off","1","1","None","None","Off","Off","Off","Off","Normal Encryption","Off","Off","Off","Off","251.1","1","Off","On","Off","Off","Off","Off","1","0","Off","0","0","0","0","0","0","0","0","0","0","0"
"78","G1-NE Regional","438.51250","433.51250","D-Digital","Turbo","12.5K","Off","Off","TG1 Local","Group Call","1","Andrew N2ZT","Always","Carrier","Off","1","1","1","Off","1","1","None","None","Off","Off","Off","Off","Normal Encryption","Off","Off","Off","Off","251.1","1","Off","On","Off","Off","Off","Off","1","0","Off","0","0","0","0","0","0","0","0","0","0","0"
"79","G1-TAC 310","438.51250","433.51250","D-Digital","Turbo","12.5K","Off","Off","TG1 Local","Group Call","1","Andrew N2ZT","Always","Carrier","Off","1","1","1","Off","1","1","None","None","Off","Off","Off","Off","Normal Encryption","Off","Off","Off","Off","251.1","1","Off","On","Off","Off","Off","Off","1","0","Off","0","0","0","0","0","0","0","0","0","0","0"
"80","G1-TAC 311","438.51250","433.51250","D-Digital","Turbo","12.5K","Off","Off","TG1 Local","Group Call","1","Andrew N2ZT","Always","Carrier","Off","1","1","1","Off","1","1","None","None","Off","Off","Off","Off","Normal Encryption","Off","Off","Off","Off","251.1","1","Off","On","Off","Off","Off","Off","1","0","Off","0","0","0","0","0","0","0","0","0","0","0"
"81","G1-TAC 312","438.51250","433.51250","D-Digital","Turbo","12.5K","Off","Off","TG1 Local","Group Call","1","Andrew N2ZT","Always","Carrier","Off","1","1","1","Off","1","1","None","None","Off","Off","Off","Off","Normal Encryption","Off","Off","Off","Off","251.1","1","Off","On","Off","Off","Off","Off","1","0","Off","0","0","0","0","0","0","0","0","0","0","0"
"82","G1-DCI Bridge","438.51250","433.51250","D-Digital","Turbo","12.5K","Off","Off","TG1 Local","Group Call","1","Andrew N2ZT","Always","Carrier","Off","1","1","1","Off","1","1","None","None","Off","Off","Off","Off","Normal Encryption","Off","Off","Off","Off","251.1","1","Off","On","Off","Off","Off","Off","1","0","Off","0","0","0","0","0","0","0","0","0","0","0"
"83","G1-LIMARC Local","438.51250","433.51250","D-Digital","Turbo","12.5K","Off","Off","TG1 Local","Group Call","1","Andrew N2ZT","Always","Carrier","Off","1","1","1","Off","1","2","None","None","Off","Off","Off","Off","Normal Encryption","Off","Off","Off","Off","251.1","1","Off","On","Off","Off","Off","Off","1","0","Off","0","0","0","0","0","0","0","0","0","0","0"
"84","G1-Parrot Test","438.51250","433.51250","D-Digital","Turbo","12.5K","Off","Off","TG1 Local","Group Call","1","Andrew N2ZT","Always","Carrier","Off","1","1","1","Off","1","1","None","None","Off","Off","Off","Off","Normal Encryption","Off","Off","Off","Off","251.1","1","Off","On","Off","Off","Off","Off","1","0","Off","0","0","0","0","0","0","0","0","0","0","0"
"85","G1-Time Slot 1","438.51250","433.51250","D-Digital","Turbo","12.5K","Off","Off","TG1 Local","Group Call","1","Andrew N2ZT","Always","Carrier","Off","1","1","1","Off","1","1","None","None","Off","Off","Off","Off","Normal Encryption","Off","Off","Off","Off","251.1","1","Off","On","Off","Off","Off","Off","1","0","Off","0","0","0","0","0","0","0","0","0","0","0"
"86","G1-Slot 2","438.51250","433.51250","D-Digital","Turbo","12.5K","Off","Off","TG1 Local","Group Call","1","Andrew N2ZT","Always","Carrier","Off","1","1","1","Off","1","2","None","None","Off","Off","Off","Off","Normal Encryption","Off","Off","Off","Off","251.1","1","Off","On","Off","Off","Off","Off","1","0","Off","0","0","0","0","0","0","0","0","0","0","0"
"87","G1-Disney","438.61250","433.61250","D-Digital","Turbo","12.5K","Off","Off","TG1 Local","Group Call","1","Andrew N2ZT","Always","Carrier","Off","1","1","1","Off","3","1","None","None","Off","Off","Off","Off","Normal Encryption","Off","Off","Off","Off","251.1","1","Off","On","Off","Off","Off","Off","1","0","Off","0","0","0","0","0","0","0","0","0","0","0"
"93","PV-WBWAK-146.805","146.80500","146.20500","A-Analog","Turbo","12.5K","Off","136.5","TG1 Local","Group Call","1","Andrew N2ZT","Off","Carrier","Off","1","1","1","Off","1","1","None","None","Off","Off","Off","Off","Normal Encryption","Off","Off","Off","Off","251.1","1","Off","On","Off","Off","Off","Off","1","0","Off","0","0","0","0","0","0","0","0","0","0","0"
"94","S-W2KPQ-147.375","147.37500","147.97500","A-Analog","Turbo","12.5K","Off","136.5","TG1 Local","Group Call","1","Andrew N2ZT","Off","Carrier","Off","1","1","1","Off","1","1","None","None","Off","Off","Off","Off","Normal Encryption","Off","Off","Off","Off","251.1","1","Off","On","Off","Off","Off","Off","1","0","Off","0","0","0","0","0","0","0","0","0","0","0"
"95","EM-WBCYN-147.135","147.13500","147.73500","A-Analog","Turbo","12.5K","Off","136.5","TG1 Local","Group Call","1","Andrew N2ZT","Off","Carrier","Off","1","1","1","Off","1","1","None","None","Off","Off","Off","Off","Normal Encryption","Off","Off","Off","Off","251.1","1","Off","On","Off","Off","Off","Off","1","0","Off","0","0","0","0","0","0","0","0","0","0","0"
"96","GO-W2VL-146.850","146.85000","146.25000","A-Analog","Turbo","12.5K","Off","136.5","TG1 Local","Group Call","1","Andrew N2ZT","Off","Carrier","Off","1","1","1","Off","1","1","None","None","Off","Off","Off","Off","Normal Encryption","Off","Off","Off","Off","251.1","1","Off","On","Off","Off","Off","Off","1","0","Off","0","0","0","0","0","0","0","0","0","0","0"
"97","NL-W2GSB-146.685","146.68500","146.08500","A-Analog","Turbo","12.5K","Off","110.9","TG1 Local","Group Call","1","Andrew N2ZT","Off","Carrier","Off","1","1","1","Off","1","1","None","None","Off","Off","Off","Off","Normal Encryption","Off","Off","Off","Off","251.1","1","Off","On","Off","Off","Off","Off","1","0","Off","0","0","0","0","0","0","0","0","0","0","0"
"98","GO-KCCJP-145.410","145.41000","144.81000","A-Analog","Turbo","12.5K","Off","114.8","TG1 Local","Group Call","1","Andrew N2ZT","Off","Carrier","Off","1","1","1","Off","1","1","None","None","Off","Off","Off","Off","Normal Encryption","Off","Off","Off","Off","251.1","1","Off","On","Off","Off","Off","Off","1","0","Off","0","0","0","0","0","0","0","0","0","0","0"
"99","MN-W2EJ-146.640","146.64000","146.04000","A-Analog","Turbo","12.5K","Off","100.0","TG1 Local","Group Call","1","Andrew N2ZT","Off","Carrier","Off","1","1","1","Off","1","1","None","None","Off","Off","Off","Off","Normal Encryption","Off","Off","Off","Off","251.1","1","Off","On","Off","Off","Off","Off","1","0","Off","0","0","0","0","0","0","0","0","0","0","0"
"100","NY-WBZSE-147.000","147.00000","146.40000","A-Analog","Turbo","12.5K","Off","136.5","TG1 Local","Group Call","1","Andrew N2ZT","Off","Carrier","Off","1","1","1","Off","1","1","None","None","Off","Off","Off","Off","Normal Encryption","Off","Off","Off","Off","251.1","1","Off","On","Off","Off","Off","Off","1","0","Off","0","0","0","0","0","0","0","0","0","0","0"
"101","NY-W2ABC-147.270","147.27000","147.87000","A-Analog","Turbo","12.5K","Off","141.3","TG1 Local","Group Call","1","Andrew N2ZT","Off","Carrier","Off","1","1","1","Off","1","1","None","None","Off","Off","Off","Off","Normal Encryption","Off","Off","Off","Off","251.1","1","Off","On","Off","Off","Off","Off","1","0","Off","0","0","0","0","0","0","0","0","0","0","0"
"102","HU-WRABA-147.21","147.21000","147.81000","A-Analog","Turbo","12.5K","Off","136.5","TG1 Local","Group Call","1","Andrew N2ZT","Off","Carrier","Off","1","1","1","Off","1","1","None","None","Off","Off","Off","Off","Normal Encryption","Off","Off","Off","Off","251.1","1","Off","On","Off","Off","Off","Off","1","0","Off","0","0","0","0","0","0","0","0","0","0","0"
"103","YP-W2DQ-145.210","145.21000","144.61000","A-Analog","Turbo","12.5K","Off","136.5","TG1 Local","Group Call","1","Andrew N2ZT","Off","Carrier","Off","1","1","1","Off","1","1","None","None","Off","Off","Off","Off","Normal Encryption","Off","Off","Off","Off","251.1","1","Off","On","Off","Off","Off","Off","1","0","Off","0","0","0","0","0","0","0","0","0","0","0"
"104","PV-WALQO-146.745","146.74500","146.14500","A-Analog","Turbo","12.5K","Off","136.5","TG1 Local","Group Call","1","Andrew N2ZT","Off","Carrier","Off","1","1","1","Off","1","1","None","None","Off","Off","Off","Off","Normal Encryption","Off","Off","Off","Off","251.1","1","Off","On","Off","Off","Off","Off","1","0","Off","0","0","0","0","0","0","0","0","0","0","0"
"105","SH-448.325-W2OQI","448.32500","443.32500","A-Analog","High","12.5K","Off","107.2","TG1 Local","Group Call","1","Andrew N2ZT","Off","Carrier","Off","1","1","1","Off","1","1","None","None","Off","Off","Off","Off","Normal Encryption","Off","Off","Off","Off","251.1","1","Off","On","Off","Off","Off","Off","1","0","Off","0","0","0","0","0","0","0","0","0","0","0"
"106","GP-W2AMC-440.050","440.05000","445.05000","A-Analog","High","12.5K","Off","107.2","TG1 Local","Group Call","1","Andrew N2ZT","Off","Carrier","Off","1","1","1","Off","1","1","None","None","Off","Off","Off","Off","Normal Encryption","Off","Off","Off","Off","251.1","1","Off","On","Off","Off","Off","Off","1","0","Off","0","0","0","0","0","0","0","0","0","0","0"
"107","EM-KBBWV-443.525","443.52500","448.52500","A-Analog","Turbo","12.5K","Off","114.8","TG1 Local","Group Call","1","Andrew N2ZT","Off","Carrier","Off","1","1","1","Off","1","1","None","None","Off","Off","Off","Off","Normal Encryption","Off","Off","Off","Off","251.1","1","Off","On","Off","Off","Off","Off","1","0","Off","0","0","0","0","0","0","0","0","0","0","0"
"108","PV-W2KPQ-449.125","449.12500","444.12500","A-Analog","Turbo","12.5K","Off","136.5","TG1 Local","Group Call","1","Andrew N2ZT","Off","Carrier","Off","1","1","1","Off","1","1","None","None","Off","Off","Off","Off","Normal Encryption","Off","Off","Off","Off","251.1","1","Off","On","Off","Off","Off","Off","1","0","Off","0","0","0","0","0","0","0","0","0","0","0"
"109","GO-WBWAK-447.025","447.02500","442.02500","A-Analog","Turbo","12.5K","Off","D516N","TG1 Local","Group Call","1","Andrew N2ZT","Off","Carrier","Off","1","1","1","Off","1","1","None","None","Off","Off","Off","Off","Normal Encryption","Off","Off","Off","Off","251.1","1","Off","On","Off","Off","Off","Off","1","0","Off","0","0","0","0","0","0","0","0","0","0","0"
"110","SY-WBCYN-447.975","447.97500","442.97500","A-Analog","Turbo","12.5K","Off","136.5","TG1 Local","Group Call","1","Andrew N2ZT","Off","Carrier","Off","1","1","1","Off","1","1","None","None","Off","Off","Off","Off","Normal Encryption","Off","Off","Off","Off","251.1","1","Off","On","Off","Off","Off","Off","1","0","Off","0","0","0","0","0","0","0","0","0","0","0"
"111","SG-K2GLP-449.980","449.98000","444.98000","A-Analog","High","12.5K","Off","94.8","TG1 Local","Group Call","1","Andrew N2ZT","Off","Carrier","Off","1","1","1","Off","1","1","None","None","Off","Off","Off","Off","Normal Encryption","Off","Off","Off","Off","251.1","1","Off","On","Off","Off","Off","Off","1","0","Off","0","0","0","0","0","0","0","0","0","0","0"
"112","GO-K2CJP-445.375","445.37500","440.37500","A-Analog","Turbo","12.5K","Off","114.8","TG1 Local","Group Call","1","Andrew N2ZT","Off","Carrier","Off","1","1","1","Off","1","1","None","None","Off","Off","Off","Off","Normal Encryption","Off","Off","Off","Off","251.1","1","Off","On","Off","Off","Off","Off","1","0","Off","0","0","0","0","0","0","0","0","0","0","0"
"113","EM-NCPD-444.8875","444.88750","449.88750","A-Analog","Turbo","12.5K","Off","179.9","TG1 Local","Group Call","1","Andrew N2ZT","Off","Carrier","Off","1","1","1","Off","1","1","None","None","Off","Off","Off","Off","Normal Encryption","Off","Off","Off","Off","251.1","1","Off","On","Off","Off","Off","Off","1","0","Off","0","0","0","0","0","0","0","0","0","0","0"
"114","OC-N2ION-447.925","447.92500","442.92500","A-Analog","Turbo","12.5K","Off","114.8","TG1 Local","Group Call","1","Andrew N2ZT","Off","Carrier","Off","1","1","1","Off","1","1","None","None","Off","Off","Off","Off","Normal Encryption","Off","Off","Off","Off","251.1","1","Off","On","Off","Off","Off","Off","1","0","Off","0","0","0","0","0","0","0","0","0","0","0"
"115","CD-N2XPM-445.525","445.52500","440.52500","A-Analog","Turbo","12.5K","131.8","131.8","TG1 Local","Group Call","1","Andrew N2ZT","Off","Carrier","Off","1","1","1","Off","1","1","None","None","Off","Off","Off","Off","Normal Encryption","Off","Off","Off","Off","251.1","1","Off","On","Off","Off","Off","Off","1","0","Off","0","0","0","0","0","0","0","0","0","0","0"
"116","PV-KE2EJ-447.200","447.20000","442.20000","A-Analog","Turbo","12.5K","Off","136.5","TG1 Local","Group Call","1","Andrew N2ZT","Off","Carrier","Off","1","1","1","Off","1","1","None","None","Off","Off","Off","Off","Normal Encryption","Off","Off","Off","Off","251.1","1","Off","On","Off","Off","Off","Off","1","0","Off","0","0","0","0","0","0","0","0","0","0","0"
"117","SY-N2HBA-448.025","448.02500","443.02500","A-Analog","Turbo","12.5K","Off","136.5","TG1 Local","Group Call","1","Andrew N2ZT","Off","Carrier","Off","1","1","1","Off","1","1","None","None","Off","Off","Off","Off","Normal Encryption","Off","Off","Off","Off","251.1","1","Off","On","Off","Off","Off","Off","1","0","Off","0","0","0","0","0","0","0","0","0","0","0"
"118","FV-K2LI-445.725","445.72500","440.72500","A-Analog","Turbo","12.5K","Off","91.5","TG1 Local","Group Call","1","Andrew N2ZT","Off","Carrier","Off","1","1","1","Off","1","1","None","None","Off","Off","Off","Off","Normal Encryption","Off","Off","Off","Off","251.1","1","Off","On","Off","Off","Off","Off","1","0","Off","0","0","0","0","0","0","0","0","0","0","0"
"119","EM-WBERS-444.750","444.75000","449.75000","A-Analog","Turbo","12.5K","Off","110.9","TG1 Local","Group Call","1","Andrew N2ZT","Off","Carrier","Off","1","1","1","Off","1","1","None","None","Off","Off","Off","Off","Normal Encryption","Off","Off","Off","Off","251.1","1","Off","On","Off","Off","Off","Off","1","0","Off","0","0","0","0","0","0","0","0","0","0","0"
"120","HU-WRABA-448.675","448.67500","443.67500","A-Analog","High","12.5K","Off","114.8","TG1 Local","Group Call","1","Andrew N2ZT","Off","Carrier","Off","1","1","1","Off","1","1","None","None","Off","Off","Off","Off","Normal Encryption","Off","Off","Off","Off","251.1","1","Off","On","Off","Off","Off","Off","1","0","Off","0","0","0","0","0","0","0","0","0","0","0"
"121","146.52 CALL","146.52000","146.52000","A-Analog","Turbo","12.5K","Off","Off","TG1 Local","Group Call","1","Andrew N2ZT","Off","Carrier","Off","1","1","1","Off","1","1","None","None","Off","Off","Off","Off","Normal Encryption","Off","Off","Off","Off","251.1","1","Off","On","Off","Off","Off","Off","1","0","Off","0","0","0","0","0","0","0","0","0","0","0"
"122","146.535","146.53500","146.53500","A-Analog","Turbo","12.5K","Off","Off","TG1 Local","Group Call","1","Andrew N2ZT","Off","Carrier","Off","1","1","1","Off","1","1","None","None","Off","Off","Off","Off","Normal Encryption","Off","Off","Off","Off","251.1","1","Off","On","Off","Off","Off","Off","1","0","Off","0","0","0","0","0","0","0","0","0","0","0"
"123","146.55","146.55000","146.55000","A-Analog","Turbo","12.5K","Off","Off","TG1 Local","Group Call","1","Andrew N2ZT","Off","Carrier","Off","1","1","1","Off","1","1","None","None","Off","Off","Off","Off","Normal Encryption","Off","Off","Off","Off","251.1","1","Off","On","Off","Off","Off","Off","1","0","Off","0","0","0","0","0","0","0","0","0","0","0"
"124","146.565","146.56500","146.56500","A-Analog","Turbo","12.5K","Off","Off","TG1 Local","Group Call","1","Andrew N2ZT","Off","Carrier","Off","1","1","1","Off","1","1","None","None","Off","Off","Off","Off","Normal Encryption","Off","Off","Off","Off","251.1","1","Off","On","Off","Off","Off","Off","1","0","Off","0","0","0","0","0","0","0","0","0","0","0"
"125","146.58","146.58000","146.58000","A-Analog","Turbo","12.5K","Off","Off","TG1 Local","Group Call","1","Andrew N2ZT","Off","Carrier","Off","1","1","1","Off","1","1","None","None","Off","Off","Off","Off","Normal Encryption","Off","Off","Off","Off","251.1","1","Off","On","Off","Off","Off","Off","1","0","Off","0","0","0","0","0","0","0","0","0","0","0"
"126","146.595","146.59500","146.59500","A-Analog","Turbo","12.5K","Off","Off","TG1 Local","Group Call","1","Andrew N2ZT","Off","Carrier","Off","1","1","1","Off","1","1","None","None","Off","Off","Off","Off","Normal Encryption","Off","Off","Off","Off","251.1","1","Off","On","Off","Off","Off","Off","1","0","Off","0","0","0","0","0","0","0","0","0","0","0"
"127","147.42","147.42000","147.42000","A-Analog","Turbo","12.5K","Off","Off","TG1 Local","Group Call","1","Andrew N2ZT","Off","Carrier","Off","1","1","1","Off","1","1","None","None","Off","Off","Off","Off","Normal Encryption","Off","Off","Off","Off","251.1","1","Off","On","Off","Off","Off","Off","1","0","Off","0","0","0","0","0","0","0","0","0","0","0"
"128","147.435","147.43500","147.43500","A-Analog","Turbo","12.5K","Off","Off","TG1 Local","Group Call","1","Andrew N2ZT","Off","Carrier","Off","1","1","1","Off","1","1","None","None","Off","Off","Off","Off","Normal Encryption","Off","Off","Off","Off","251.1","1","Off","On","Off","Off","Off","Off","1","0","Off","0","0","0","0","0","0","0","0","0","0","0"
"129","147.45","147.45000","147.45000","A-Analog","Turbo","12.5K","Off","Off","TG1 Local","Group Call","1","Andrew N2ZT","Off","Carrier","Off","1","1","1","Off","1","1","None","None","Off","Off","Off","Off","Normal Encryption","Off","Off","Off","Off","251.1","1","Off","On","Off","Off","Off","Off","1","0","Off","0","0","0","0","0","0","0","0","0","0","0"
"130","147.465","147.46500","147.46500","A-Analog","Turbo","12.5K","Off","Off","TG1 Local","Group Call","1","Andrew N2ZT","Off","Carrier","Off","1","1","1","Off","1","1","None","None","Off","Off","Off","Off","Normal Encryption","Off","Off","Off","Off","251.1","1","Off","On","Off","Off","Off","Off","1","0","Off","0","0","0","0","0","0","0","0","0","0","0"
"131","147.48","147.48000","147.48000","A-Analog","Turbo","12.5K","Off","Off","TG1 Local","Group Call","1","Andrew N2ZT","Off","Carrier","Off","1","1","1","Off","1","1","None","None","Off","Off","Off","Off","Normal Encryption","Off","Off","Off","Off","251.1","1","Off","On","Off","Off","Off","Off","1","0","Off","0","0","0","0","0","0","0","0","0","0","0"
"132","147.495","147.49500","147.49500","A-Analog","Turbo","12.5K","Off","Off","TG1 Local","Group Call","1","Andrew N2ZT","Off","Carrier","Off","1","1","1","Off","1","1","None","None","Off","Off","Off","Off","Normal Encryption","Off","Off","Off","Off","251.1","1","Off","On","Off","Off","Off","Off","1","0","Off","0","0","0","0","0","0","0","0","0","0","0"
"133","147.51","147.51000","147.51000","A-Analog","Turbo","12.5K","Off","Off","TG1 Local","Group Call","1","Andrew N2ZT","Off","Carrier","Off","1","1","1","Off","1","1","None","None","Off","Off","Off","Off","Normal Encryption","Off","Off","Off","Off","251.1","1","Off","On","Off","Off","Off","Off","1","0","Off","0","0","0","0","0","0","0","0","0","0","0"
"134","147.525","147.52500","147.52500","A-Analog","Turbo","12.5K","Off","Off","TG1 Local","Group Call","1","Andrew N2ZT","Off","Carrier","Off","1","1","1","Off","1","1","None","None","Off","Off","Off","Off","Normal Encryption","Off","Off","Off","Off","251.1","1","Off","On","Off","Off","Off","Off","1","0","Off","0","0","0","0","0","0","0","0","0","0","0"
"135","147.54","147.54000","147.54000","A-Analog","Turbo","12.5K","Off","Off","TG1 Local","Group Call","1","Andrew N2ZT","Off","Carrier","Off","1","1","1","Off","1","1","None","None","Off","Off","Off","Off","Normal Encryption","Off","Off","Off","Off","251.1","1","Off","On","Off","Off","Off","Off","1","0","Off","0","0","0","0","0","0","0","0","0","0","0"
"136","147.555","147.55500","147.55500","A-Analog","Turbo","12.5K","Off","Off","TG1 Local","Group Call","1","Andrew N2ZT","Off","Carrier","Off","1","1","1","Off","1","1","None","None","Off","Off","Off","Off","Normal Encryption","Off","Off","Off","Off","251.1","1","Off","On","Off","Off","Off","Off","1","0","Off","0","0","0","0","0","0","0","0","0","0","0"
"137","147.57","147.57000","147.57000","A-Analog","Turbo","12.5K","Off","Off","TG1 Local","Group Call","1","Andrew N2ZT","Off","Carrier","Off","1","1","1","Off","1","1","None","None","Off","Off","Off","Off","Normal Encryption","Off","Off","Off","Off","251.1","1","Off","On","Off","Off","Off","Off","1","0","Off","0","0","0","0","0","0","0","0","0","0","0"
"138","147.585","147.58500","147.58500","A-Analog","Turbo","12.5K","Off","Off","TG1 Local","Group Call","1","Andrew N2ZT","Off","Carrier","Off","1","1","1","Off","1","1","None","None","Off","Off","Off","Off","Normal Encryption","Off","Off","Off","Off","251.1","1","Off","On","Off","Off","Off","Off","1","0","Off","0","0","0","0","0","0","0","0","0","0","0"
"139","70CM Call","446.00000","446.00000","A-Analog","High","12.5K","Off","Off","TG1 Local","Group Call","1","Andrew N2ZT","Off","Carrier","Off","1","1","1","Off","1","1","None","None","Off","Off","Off","Off","Normal Encryption","Off","Off","Off","Off","251.1","1","Off","On","Off","Off","Off","Off","1","0","Off","0","0","0","0","0","0","0","0","0","0","0"
"4001","Channel VFO A","143.39000","143.39000","D-Digital","Turbo","25K","Off","Off","TG1 Local","Group Call","1","Andrew N2ZT","Always","Carrier","Off","1","1","1","Off","1","1","None","None","Off","Off","Off","Off","Normal Encryption","Off","Off","Off","Off","131.8","1","Off","Off","Off","Off","Off","Off","1","0","Off","0","1","1","0","0","0","0","0","0","0","0"
"4002","Channel VFO B","145.12500","145.12500","D-Digital","Turbo","25K","Off","Off","TG1 Local","Group Call","1","Andrew N2ZT","Always","Carrier","Off","1","1","1","Off","1","1","None","None","Off","Off","Off","Off","Normal Encryption","Off","Off","Off","Off","131.8","1","Off","Off","Off","Off","Off","Off","1","0","Off","0","1","1","0","0","0","0","0","0","0","0"
